{
  "run_name": "bert-lora-e5-20260107-215753",
  "n": 9470,
  "accuracy": 0.9180570221752904,
  "macro_f1": 0.45726346352243263,
  "labels": [
    "noun",
    "verb",
    "adjective",
    "adverb"
  ],
  "confusion_matrix": [
    [
      6680,
      138,
      0,
      0
    ],
    [
      320,
      2014,
      0,
      0
    ],
    [
      207,
      104,
      0,
      0
    ],
    [
      2,
      5,
      0,
      0
    ]
  ],
  "classification_report": {
    "noun": {
      "precision": 0.9266195033985296,
      "recall": 0.9797594602522733,
      "f1-score": 0.952448848649034,
      "support": 6818.0
    },
    "verb": {
      "precision": 0.8907563025210085,
      "recall": 0.8628963153384748,
      "f1-score": 0.8766050054406964,
      "support": 2334.0
    },
    "adjective": {
      "precision": 0.0,
      "recall": 0.0,
      "f1-score": 0.0,
      "support": 311.0
    },
    "adverb": {
      "precision": 0.0,
      "recall": 0.0,
      "f1-score": 0.0,
      "support": 7.0
    },
    "accuracy": 0.9180570221752904,
    "macro avg": {
      "precision": 0.4543439514798845,
      "recall": 0.46066394389768706,
      "f1-score": 0.45726346352243263,
      "support": 9470.0
    },
    "weighted avg": {
      "precision": 0.8866649402592617,
      "recall": 0.9180570221752904,
      "f1-score": 0.9017732135995459,
      "support": 9470.0
    }
  }
}