{
  "run_name": "roberta-baseline-e5-20260107-215753",
  "n": 9470,
  "accuracy": 0.9858500527983105,
  "macro_f1": 0.9680072009201404,
  "labels": [
    "noun",
    "verb",
    "adjective",
    "adverb"
  ],
  "confusion_matrix": [
    [
      6755,
      60,
      3,
      0
    ],
    [
      64,
      2269,
      1,
      0
    ],
    [
      5,
      0,
      306,
      0
    ],
    [
      1,
      0,
      0,
      6
    ]
  ],
  "classification_report": {
    "noun": {
      "precision": 0.9897435897435898,
      "recall": 0.9907597535934292,
      "f1-score": 0.9902514109799897,
      "support": 6818.0
    },
    "verb": {
      "precision": 0.974237870330614,
      "recall": 0.9721508140531276,
      "f1-score": 0.9731932232468368,
      "support": 2334.0
    },
    "adjective": {
      "precision": 0.9870967741935484,
      "recall": 0.9839228295819936,
      "f1-score": 0.9855072463768116,
      "support": 311.0
    },
    "adverb": {
      "precision": 1.0,
      "recall": 0.8571428571428571,
      "f1-score": 0.9230769230769231,
      "support": 7.0
    },
    "accuracy": 0.9858500527983105,
    "macro avg": {
      "precision": 0.987769558566938,
      "recall": 0.9509940635928519,
      "f1-score": 0.9680072009201404,
      "support": 9470.0
    },
    "weighted avg": {
      "precision": 0.9858426695879241,
      "recall": 0.9858500527983105,
      "f1-score": 0.9858417523975094,
      "support": 9470.0
    }
  }
}