{
  "run_name": "bert-baseline-e5-20260107-215753",
  "n": 9470,
  "accuracy": 0.9884899683210138,
  "macro_f1": 0.9715906356411663,
  "labels": [
    "noun",
    "verb",
    "adjective",
    "adverb"
  ],
  "confusion_matrix": [
    [
      6764,
      53,
      1,
      0
    ],
    [
      51,
      2283,
      0,
      0
    ],
    [
      3,
      0,
      308,
      0
    ],
    [
      1,
      0,
      0,
      6
    ]
  ],
  "classification_report": {
    "noun": {
      "precision": 0.9919343012171873,
      "recall": 0.9920797887943679,
      "f1-score": 0.992007039671482,
      "support": 6818.0
    },
    "verb": {
      "precision": 0.9773116438356164,
      "recall": 0.9781491002570694,
      "f1-score": 0.9777301927194861,
      "support": 2334.0
    },
    "adjective": {
      "precision": 0.9967637540453075,
      "recall": 0.9903536977491961,
      "f1-score": 0.9935483870967742,
      "support": 311.0
    },
    "adverb": {
      "precision": 1.0,
      "recall": 0.8571428571428571,
      "f1-score": 0.9230769230769231,
      "support": 7.0
    },
    "accuracy": 0.9884899683210138,
    "macro avg": {
      "precision": 0.9915024247745278,
      "recall": 0.9544313609858727,
      "f1-score": 0.9715906356411663,
      "support": 9470.0
    },
    "weighted avg": {
      "precision": 0.9884949281857658,
      "recall": 0.9884899683210138,
      "f1-score": 0.9884879992751934,
      "support": 9470.0
    }
  }
}