{
  "run_name": "distilbert-baseline-e5-20260107-215753",
  "n": 9470,
  "accuracy": 0.9861668426610348,
  "macro_f1": 0.9679269637002759,
  "labels": [
    "noun",
    "verb",
    "adjective",
    "adverb"
  ],
  "confusion_matrix": [
    [
      6755,
      57,
      6,
      0
    ],
    [
      63,
      2271,
      0,
      0
    ],
    [
      4,
      0,
      307,
      0
    ],
    [
      1,
      0,
      0,
      6
    ]
  ],
  "classification_report": {
    "noun": {
      "precision": 0.9900337095119449,
      "recall": 0.9907597535934292,
      "f1-score": 0.9903965984898467,
      "support": 6818.0
    },
    "verb": {
      "precision": 0.9755154639175257,
      "recall": 0.9730077120822622,
      "f1-score": 0.9742599742599742,
      "support": 2334.0
    },
    "adjective": {
      "precision": 0.9808306709265175,
      "recall": 0.9871382636655949,
      "f1-score": 0.9839743589743589,
      "support": 311.0
    },
    "adverb": {
      "precision": 1.0,
      "recall": 0.8571428571428571,
      "f1-score": 0.9230769230769231,
      "support": 7.0
    },
    "accuracy": 0.9861668426610348,
    "macro avg": {
      "precision": 0.986594961088997,
      "recall": 0.9520121466210358,
      "f1-score": 0.9679269637002759,
      "support": 9470.0
    },
    "weighted avg": {
      "precision": 0.986160640221129,
      "recall": 0.9861668426610348,
      "f1-score": 0.9861588545437295,
      "support": 9470.0
    }
  }
}