{
  "run_name": "distilbert-lora-e5-20260107-215753",
  "n": 9470,
  "accuracy": 0.9381203801478353,
  "macro_f1": 0.6653200557650436,
  "labels": [
    "noun",
    "verb",
    "adjective",
    "adverb"
  ],
  "confusion_matrix": [
    [
      6620,
      160,
      38,
      0
    ],
    [
      307,
      2022,
      5,
      0
    ],
    [
      58,
      11,
      242,
      0
    ],
    [
      3,
      2,
      2,
      0
    ]
  ],
  "classification_report": {
    "noun": {
      "precision": 0.9473382942186606,
      "recall": 0.9709592255793488,
      "f1-score": 0.9590033318846878,
      "support": 6818.0
    },
    "verb": {
      "precision": 0.9211845102505695,
      "recall": 0.8663239074550129,
      "f1-score": 0.8929123426805035,
      "support": 2334.0
    },
    "adjective": {
      "precision": 0.8432055749128919,
      "recall": 0.7781350482315113,
      "f1-score": 0.8093645484949833,
      "support": 311.0
    },
    "adverb": {
      "precision": 0.0,
      "recall": 0.0,
      "f1-score": 0.0,
      "support": 7.0
    },
    "accuracy": 0.9381203801478353,
    "macro avg": {
      "precision": 0.6779320948455305,
      "recall": 0.6538545453164681,
      "f1-score": 0.6653200557650436,
      "support": 9470.0
    },
    "weighted avg": {
      "precision": 0.9367723411515908,
      "recall": 0.9381203801478353,
      "f1-score": 0.9370912881930343,
      "support": 9470.0
    }
  }
}